difficulty_level,target,sample_count,proportion
1,0,104,0.24821002386634844
2,1,106,0.2529832935560859
3,2,104,0.24821002386634844
4,3,105,0.25059665871121717
